{"cameraMode":{"drawMode":0,"name":"Shaded","section":"Shading Mode"},"sceneLighting":false,"audioPlay":false,"sceneViewState":{"showFog":false,"showMaterialUpdate":false,"showSkybox":false,"showFlares":false,"showImageEffects":false,"showParticleSystems":false},"in2DMode":false,"pivot":{"x":654.9326171875,"y":6.356130599975586,"z":349.4607238769531},"rotation":{"x":0.2138708382844925,"y":-0.43494975566864016,"z":0.10708440095186234,"w":0.8682065010070801},"size":2.8578836917877199,"orthographic":false}