{"cameraMode":{"drawMode":0,"name":"Shaded","section":"Shading Mode"},"sceneLighting":false,"audioPlay":false,"sceneViewState":{"showFog":false,"showMaterialUpdate":false,"showSkybox":false,"showFlares":false,"showImageEffects":false,"showParticleSystems":false},"in2DMode":false,"pivot":{"x":345.5885009765625,"y":104.31605529785156,"z":549.9007568359375},"rotation":{"x":0.4307985305786133,"y":-0.4449003338813782,"z":0.2587797939777374,"w":0.7413835525512695},"size":29.47760581970215,"orthographic":false}