{"cameraMode":{"drawMode":0,"name":"Shaded","section":"Shading Mode"},"sceneLighting":false,"audioPlay":false,"sceneViewState":{"showFog":false,"showMaterialUpdate":false,"showSkybox":false,"showFlares":false,"showImageEffects":false,"showParticleSystems":false},"in2DMode":false,"pivot":{"x":646.9339599609375,"y":10.016966819763184,"z":336.3659362792969},"rotation":{"x":0.2695864737033844,"y":-0.3917009234428406,"z":0.12112483382225037,"w":0.8714321851730347},"size":23.046083450317384,"orthographic":false}