{"cameraMode":{"drawMode":0,"name":"Shaded","section":"Shading Mode"},"sceneLighting":false,"audioPlay":false,"sceneViewState":{"showFog":false,"showMaterialUpdate":false,"showSkybox":false,"showFlares":false,"showImageEffects":false,"showParticleSystems":false},"in2DMode":false,"pivot":{"x":475.7021484375,"y":-177.97702026367188,"z":690.8682250976563},"rotation":{"x":0.45620205998420718,"y":0.03156570717692375,"z":-0.01601557619869709,"w":0.8892507553100586},"size":598.0170288085938,"orthographic":false}