{"cameraMode":{"drawMode":0,"name":"Shaded","section":"Shading Mode"},"sceneLighting":false,"audioPlay":false,"sceneViewState":{"showFog":false,"showMaterialUpdate":false,"showSkybox":false,"showFlares":false,"showImageEffects":false,"showParticleSystems":false},"in2DMode":false,"pivot":{"x":-0.0008630603551864624,"y":0.0,"z":-0.0010684430599212647},"rotation":{"x":0.10210148245096207,"y":-0.27759701013565066,"z":0.02961333468556404,"w":0.9548858404159546},"size":1.6892600059509278,"orthographic":false}