{"cameraMode":{"drawMode":0,"name":"Shaded","section":"Shading Mode"},"sceneLighting":false,"audioPlay":false,"sceneViewState":{"showFog":false,"showMaterialUpdate":false,"showSkybox":false,"showFlares":false,"showImageEffects":false,"showParticleSystems":false},"in2DMode":false,"pivot":{"x":-2.1961750984191896,"y":2.300220012664795,"z":0.41682928800582888},"rotation":{"x":0.07047999650239945,"y":-0.7527866959571838,"z":0.0815696120262146,"w":0.6495072841644287},"size":5.449958801269531,"orthographic":false}