{"cameraMode":{"drawMode":0,"name":"Shaded","section":"Shading Mode"},"sceneLighting":false,"audioPlay":false,"sceneViewState":{"showFog":false,"showMaterialUpdate":false,"showSkybox":false,"showFlares":false,"showImageEffects":false,"showParticleSystems":false},"in2DMode":false,"pivot":{"x":654.9326171875,"y":6.356130599975586,"z":349.4607238769531},"rotation":{"x":0.48444005846977236,"y":-0.13998238742351533,"z":0.07898367196321488,"w":0.8600322008132935},"size":2.8578836917877199,"orthographic":false}